-- phpMyAdmin SQL Dump
-- version 4.9.4
-- https://www.phpmyadmin.net/
--
-- Servidor: localhost:3306
-- Tiempo de generación: 11-05-2021 a las 12:16:37
-- Versión del servidor: 5.6.51
-- Versión de PHP: 7.3.6

SET SQL_MODE = "NO_AUTO_VALUE_ON_ZERO";
SET AUTOCOMMIT = 0;
START TRANSACTION;
SET time_zone = "+00:00";


/*!40101 SET @OLD_CHARACTER_SET_CLIENT=@@CHARACTER_SET_CLIENT */;
/*!40101 SET @OLD_CHARACTER_SET_RESULTS=@@CHARACTER_SET_RESULTS */;
/*!40101 SET @OLD_COLLATION_CONNECTION=@@COLLATION_CONNECTION */;
/*!40101 SET NAMES utf8mb4 */;

--
-- Base de datos: `inventar_sis_venta`
--

DELIMITER $$
--
-- Procedimientos
--
CREATE DEFINER=`inventar`@`localhost` PROCEDURE `actualizar_precio_producto` (IN `n_cantidad` INT, IN `codigo` INT)  BEGIN
DECLARE nueva_existencia int;


DECLARE cant_actual int;


DECLARE actual_existencia int;


SELECT  existencia INTO actual_existencia FROM producto WHERE codproducto = codigo;

SET nueva_existencia = actual_existencia + n_cantidad;


UPDATE producto SET existencia = nueva_existencia WHERE codproducto = codigo;

SELECT nueva_existencia;
END$$

CREATE DEFINER=`inventar`@`localhost` PROCEDURE `add_detalle_temp` (`codigo` INT, `cantidad` INT, `token_user` VARCHAR(50))  BEGIN
DECLARE precio_actual decimal(10,2);
SELECT precio INTO precio_actual FROM producto WHERE codproducto = codigo;
INSERT INTO detalle_temp(token_user, codproducto, cantidad, precio_venta) VALUES (token_user, codigo, cantidad, precio_actual);
SELECT tmp.correlativo, tmp.codproducto, p.descripcion, tmp.cantidad, tmp.precio_venta FROM detalle_temp tmp INNER JOIN producto p ON tmp.codproducto = p.codproducto WHERE tmp.token_user = token_user;
END$$

CREATE DEFINER=`inventar`@`localhost` PROCEDURE `data` ()  BEGIN
DECLARE usuarios int;
DECLARE clientes int;
DECLARE proveedores int;
DECLARE productos int;
DECLARE ventas int;
SELECT COUNT(*) INTO usuarios FROM usuario;
SELECT COUNT(*) INTO clientes FROM cliente;
SELECT COUNT(*) INTO proveedores FROM proveedor;
SELECT COUNT(*) INTO productos FROM producto;
SELECT COUNT(*) INTO ventas FROM factura WHERE fecha > CURDATE();

SELECT usuarios, clientes, proveedores, productos, ventas;

END$$

CREATE DEFINER=`inventar`@`localhost` PROCEDURE `del_detalle_temp` (`id_detalle` INT, `token` VARCHAR(50))  BEGIN
DELETE FROM detalle_temp WHERE correlativo = id_detalle;
SELECT tmp.correlativo, tmp.codproducto, p.descripcion, tmp.cantidad, tmp.precio_venta FROM detalle_temp tmp INNER JOIN producto p ON tmp.codproducto = p.codproducto WHERE tmp.token_user = token;
END$$

CREATE DEFINER=`inventar`@`localhost` PROCEDURE `procesar_venta` (IN `cod_usuario` INT, IN `cod_cliente` INT, IN `token` VARCHAR(50))  BEGIN
DECLARE factura INT;
DECLARE registros INT;
DECLARE total DECIMAL(10,2);
DECLARE nueva_existencia int;
DECLARE existencia_actual int;

DECLARE tmp_cod_producto int;
DECLARE tmp_cant_producto int;
DECLARE a int;
SET a = 1;

CREATE TEMPORARY TABLE tbl_tmp_tokenuser(
	id BIGINT NOT NULL AUTO_INCREMENT PRIMARY KEY,
    cod_prod BIGINT,
    cant_prod int);
SET registros = (SELECT COUNT(*) FROM detalle_temp WHERE token_user = token);
IF registros > 0 THEN
INSERT INTO tbl_tmp_tokenuser(cod_prod, cant_prod) SELECT codproducto, cantidad FROM detalle_temp WHERE token_user = token;
INSERT INTO factura (usuario,codcliente) VALUES (cod_usuario, cod_cliente);
SET factura = LAST_INSERT_ID();

INSERT INTO detallefactura(nofactura,codproducto,cantidad,precio_venta) SELECT (factura) AS nofactura, codproducto, cantidad,precio_venta FROM detalle_temp WHERE token_user = token;
WHILE a <= registros DO
	SELECT cod_prod, cant_prod INTO tmp_cod_producto,tmp_cant_producto FROM tbl_tmp_tokenuser WHERE id = a;
    SELECT existencia INTO existencia_actual FROM producto WHERE codproducto = tmp_cod_producto;
    SET nueva_existencia = existencia_actual - tmp_cant_producto;
    UPDATE producto SET existencia = nueva_existencia WHERE codproducto = tmp_cod_producto;
    SET a=a+1;
END WHILE;
SET total = (SELECT SUM(cantidad * precio_venta) FROM detalle_temp WHERE token_user = token);
UPDATE factura SET totalfactura = total WHERE nofactura = factura;
DELETE FROM detalle_temp WHERE token_user = token;
TRUNCATE TABLE tbl_tmp_tokenuser;
SELECT * FROM factura WHERE nofactura = factura;
ELSE
SELECT 0;
END IF;
END$$

DELIMITER ;

-- --------------------------------------------------------

--
-- Estructura de tabla para la tabla `cliente`
--

CREATE TABLE `cliente` (
  `idcliente` int(11) NOT NULL,
  `dni` int(8) NOT NULL,
  `nombre` varchar(100) COLLATE utf8_spanish_ci NOT NULL,
  `telefono` int(15) NOT NULL,
  `direccion` varchar(200) COLLATE utf8_spanish_ci NOT NULL,
  `usuario_id` int(11) NOT NULL
) ENGINE=InnoDB DEFAULT CHARSET=utf8 COLLATE=utf8_spanish_ci;

--
-- Volcado de datos para la tabla `cliente`
--

INSERT INTO `cliente` (`idcliente`, `dni`, `nombre`, `telefono`, `direccion`, `usuario_id`) VALUES
(165, 1, 'MIGUEL ANGEL RODRIGUEZ AREVALO', 0, '', 1),
(166, 2, 'VICTOR RODRIGUEZ AREVALO', 0, '', 1),
(167, 3, 'JOSE LUIS AGUILAR AREVALO', 0, '', 1),
(168, 4, 'LUIS MANUEL MORENO MARCHAN', 0, '', 1),
(169, 5, 'MIGUEL MARTINEZ RIVAS', 0, '', 1),
(170, 6, 'MIGUEL ANGEL VILLALOBOS DÍAZ', 0, '', 1),
(171, 7, 'FRANCISCO ARTURO ALARCON CASTILLO', 0, '', 1),
(172, 8, 'ISAIAS EZEQUIEL MARQUEZ MOLINA', 0, '', 1),
(173, 9, 'RUBEN PEREZ RAMIREZ', 0, '', 1),
(174, 10, 'LUIS WILFRIDO VAZQUEZ VARGAS', 0, '', 1),
(175, 11, 'LUIS FERNANDO VEGA GUZMAN', 0, '', 1),
(176, 12, 'SAUL PEREZ JIMENEZ', 0, '', 1),
(178, 13, 'MISAEL SALVADOR CAMPOS PALACIO', 0, '', 1),
(179, 0, 'ALVARO FLORES MACIAS', 0, '', 1),
(180, 14, 'JOSEMAR JONATHAN HERNANDEZ MORENO', 0, '', 1),
(181, 15, 'PABLO ISRAEL SAUCEDO RAMOS', 0, '', 1),
(182, 16, 'EDGAR FLORES MACIAS', 0, '', 1),
(183, 17, 'JESUS BERZAIN GUTIERREZ VICTORIO', 0, '', 3),
(184, 18, 'DON POL', 0, '', 3),
(185, 19, 'CARLOS ARTURO', 0, '', 3);

-- --------------------------------------------------------

--
-- Estructura de tabla para la tabla `configuracion`
--

CREATE TABLE `configuracion` (
  `id` int(11) NOT NULL,
  `dni` int(11) NOT NULL,
  `nombre` varchar(100) COLLATE utf8_spanish_ci NOT NULL,
  `razon_social` varchar(100) COLLATE utf8_spanish_ci NOT NULL,
  `telefono` varchar(11) COLLATE utf8_spanish_ci NOT NULL,
  `email` varchar(100) COLLATE utf8_spanish_ci NOT NULL,
  `direccion` text COLLATE utf8_spanish_ci NOT NULL,
  `igv` decimal(10,2) NOT NULL
) ENGINE=InnoDB DEFAULT CHARSET=utf8 COLLATE=utf8_spanish_ci;

--
-- Volcado de datos para la tabla `configuracion`
--

INSERT INTO `configuracion` (`id`, `dni`, `nombre`, `razon_social`, `telefono`, `email`, `direccion`, `igv`) VALUES
(1, 2580, 'DigitalNet', 'Inventario', '925491523', 'naju@vidainformatico.com', 'Lima - Perú', 1.18);

-- --------------------------------------------------------

--
-- Estructura de tabla para la tabla `detallefactura`
--

CREATE TABLE `detallefactura` (
  `correlativo` bigint(20) NOT NULL,
  `nofactura` bigint(20) NOT NULL,
  `codproducto` int(11) NOT NULL,
  `cantidad` int(11) NOT NULL,
  `precio_venta` decimal(10,2) NOT NULL,
  `fecha_f` datetime NOT NULL DEFAULT CURRENT_TIMESTAMP,
  `nombre` varchar(9999) COLLATE utf8_spanish_ci NOT NULL,
  `codcliente` int(11) NOT NULL
) ENGINE=InnoDB DEFAULT CHARSET=utf8 COLLATE=utf8_spanish_ci;

-- --------------------------------------------------------

--
-- Estructura de tabla para la tabla `detalle_temp`
--

CREATE TABLE `detalle_temp` (
  `correlativo` int(11) NOT NULL,
  `token_user` varchar(50) COLLATE utf8_spanish_ci NOT NULL,
  `codproducto` int(11) NOT NULL,
  `cantidad` int(11) NOT NULL,
  `precio_venta` decimal(10,2) NOT NULL
) ENGINE=InnoDB DEFAULT CHARSET=utf8 COLLATE=utf8_spanish_ci;

-- --------------------------------------------------------

--
-- Estructura de tabla para la tabla `entradas`
--

CREATE TABLE `entradas` (
  `correlativo` int(11) NOT NULL,
  `codproducto` int(11) NOT NULL,
  `fecha` datetime NOT NULL DEFAULT CURRENT_TIMESTAMP,
  `cantidad` int(11) NOT NULL,
  `precio` decimal(10,2) NOT NULL,
  `usuario_id` int(11) NOT NULL
) ENGINE=InnoDB DEFAULT CHARSET=utf8 COLLATE=utf8_spanish_ci;

--
-- Volcado de datos para la tabla `entradas`
--

INSERT INTO `entradas` (`correlativo`, `codproducto`, `fecha`, `cantidad`, `precio`, `usuario_id`) VALUES
(0, 1, '2021-04-19 12:59:33', 10, 0.00, 1),
(7, 2, '2021-04-14 19:13:22', 2, 0.00, 1),
(8, 7, '2021-04-14 19:14:09', 23, 0.00, 1),
(9, 2, '2021-04-14 22:38:54', 100, 0.00, 1),
(10, 12, '2021-04-15 13:42:00', 15, 0.00, 1),
(11, 6, '2021-04-15 13:43:53', 20, 0.00, 1);

-- --------------------------------------------------------

--
-- Estructura de tabla para la tabla `factura`
--

CREATE TABLE `factura` (
  `nofactura` int(11) NOT NULL,
  `fecha` datetime NOT NULL,
  `usuario` int(11) NOT NULL,
  `codcliente` varchar(3000) COLLATE utf8_spanish_ci NOT NULL,
  `totalfactura` decimal(10,2) NOT NULL,
  `estado` int(11) NOT NULL DEFAULT '1'
) ENGINE=InnoDB DEFAULT CHARSET=utf8 COLLATE=utf8_spanish_ci;

-- --------------------------------------------------------

--
-- Estructura de tabla para la tabla `historico`
--

CREATE TABLE `historico` (
  `id_historico` int(22) NOT NULL,
  `nofactura` int(22) NOT NULL,
  `codproducto` int(15) NOT NULL,
  `cantidad` int(15) NOT NULL,
  `fechas` mediumtext NOT NULL,
  `nombre_c` varchar(9999) NOT NULL,
  `id_tecnico` int(11) NOT NULL
) ENGINE=InnoDB DEFAULT CHARSET=utf8mb4;

--
-- Volcado de datos para la tabla `historico`
--

INSERT INTO `historico` (`id_historico`, `nofactura`, `codproducto`, `cantidad`, `fechas`, `nombre_c`, `id_tecnico`) VALUES
(49, 1, 0, 0, '', '', 0),
(50, 40, 1, 1, '2021-04-22 11:15:04', 'MIGUEL ANGEL RODRIGUEZ AREVALO', 165),
(51, 40, 2, 1, '2021-04-22 11:15:04', 'MIGUEL ANGEL RODRIGUEZ AREVALO', 165),
(52, 41, 25, 100, '2021-04-22 13:05:17', 'ALVARO FLORES MACIAS', 179),
(53, 42, 1, 80, '2021-04-22 13:29:33', 'RUBEN PEREZ RAMIREZ', 173),
(54, 42, 2, 10, '2021-04-22 13:29:33', 'RUBEN PEREZ RAMIREZ', 173),
(55, 43, 23, 18, '2021-04-23 09:24:35', 'LUIS FERNANDO VEGA GUZMAN', 175),
(56, 44, 22, 1, '2021-04-23 09:33:16', 'PABLO ISRAEL SAUCEDO RAMOS', 181),
(57, 45, 5, 50, '2021-04-23 09:39:48', 'JOSEMAR JONATHAN HERNANDEZ MORENO', 180),
(58, 46, 7, 1, '2021-04-23 09:43:35', 'LUIS MANUEL MORENO MARCHAN', 168),
(59, 46, 21, 6, '2021-04-23 09:43:35', 'LUIS MANUEL MORENO MARCHAN', 168),
(60, 46, 20, 6, '2021-04-23 09:43:35', 'LUIS MANUEL MORENO MARCHAN', 168),
(61, 46, 32, 1, '2021-04-23 09:43:35', 'LUIS MANUEL MORENO MARCHAN', 168),
(62, 46, 27, 1, '2021-04-23 09:43:35', 'LUIS MANUEL MORENO MARCHAN', 168),
(63, 47, 31, 2, '2021-04-23 09:45:29', 'LUIS MANUEL MORENO MARCHAN', 168),
(64, 48, 7, 1, '2021-04-23 09:53:30', 'LUIS MANUEL MORENO MARCHAN', 168),
(65, 49, 23, 6, '2021-04-23 09:55:59', 'LUIS WILFRIDO VAZQUEZ VARGAS', 174),
(66, 49, 26, 3, '2021-04-23 09:55:59', 'LUIS WILFRIDO VAZQUEZ VARGAS', 174),
(67, 49, 16, 3, '2021-04-23 09:55:59', 'LUIS WILFRIDO VAZQUEZ VARGAS', 174),
(68, 49, 33, 60, '2021-04-23 09:55:59', 'LUIS WILFRIDO VAZQUEZ VARGAS', 174),
(69, 50, 8, 1, '2021-04-23 10:00:16', 'ALVARO FLORES MACIAS', 179),
(70, 51, 7, 2, '2021-04-23 10:24:20', 'VICTOR RODRIGUEZ AREVALO', 166),
(71, 51, 31, 2, '2021-04-23 10:24:20', 'VICTOR RODRIGUEZ AREVALO', 166),
(72, 51, 1, 6, '2021-04-23 10:24:20', 'VICTOR RODRIGUEZ AREVALO', 166),
(73, 51, 32, 1, '2021-04-23 10:24:20', 'VICTOR RODRIGUEZ AREVALO', 166),
(74, 52, 1, 40, '2021-04-23 10:32:55', 'JESUS BERZAIN GUTIERREZ VICTORIO', 183),
(75, 52, 7, 2, '2021-04-23 10:32:55', 'JESUS BERZAIN GUTIERREZ VICTORIO', 183),
(76, 52, 16, 10, '2021-04-23 10:32:55', 'JESUS BERZAIN GUTIERREZ VICTORIO', 183),
(77, 52, 26, 10, '2021-04-23 10:32:55', 'JESUS BERZAIN GUTIERREZ VICTORIO', 183),
(78, 52, 20, 12, '2021-04-23 10:32:55', 'JESUS BERZAIN GUTIERREZ VICTORIO', 183),
(79, 52, 21, 12, '2021-04-23 10:32:55', 'JESUS BERZAIN GUTIERREZ VICTORIO', 183),
(80, 52, 22, 5, '2021-04-23 10:32:55', 'JESUS BERZAIN GUTIERREZ VICTORIO', 183),
(81, 52, 23, 20, '2021-04-23 10:32:55', 'JESUS BERZAIN GUTIERREZ VICTORIO', 183),
(82, 52, 27, 1, '2021-04-23 10:32:55', 'JESUS BERZAIN GUTIERREZ VICTORIO', 183),
(83, 52, 28, 1, '2021-04-23 10:32:55', 'JESUS BERZAIN GUTIERREZ VICTORIO', 183),
(84, 52, 32, 1, '2021-04-23 10:32:55', 'JESUS BERZAIN GUTIERREZ VICTORIO', 183),
(85, 52, 33, 30, '2021-04-23 10:32:55', 'JESUS BERZAIN GUTIERREZ VICTORIO', 183),
(86, 52, 37, 1, '2021-04-23 10:32:55', 'JESUS BERZAIN GUTIERREZ VICTORIO', 183),
(87, 52, 38, 1, '2021-04-23 10:32:55', 'JESUS BERZAIN GUTIERREZ VICTORIO', 183),
(88, 52, 42, 5, '2021-04-23 10:32:55', 'JESUS BERZAIN GUTIERREZ VICTORIO', 183),
(89, 55, 20, 6, '2021-04-24 09:40:38', 'MIGUEL MARTINEZ RIVAS', 169),
(90, 55, 1, 12, '2021-04-24 09:40:38', 'MIGUEL MARTINEZ RIVAS', 169),
(91, 55, 21, 6, '2021-04-24 09:40:38', 'MIGUEL MARTINEZ RIVAS', 169),
(92, 55, 7, 3, '2021-04-24 09:40:38', 'MIGUEL MARTINEZ RIVAS', 169),
(93, 55, 22, 2, '2021-04-24 09:40:38', 'MIGUEL MARTINEZ RIVAS', 169),
(94, 56, 7, 3, '2021-04-24 10:07:02', 'MIGUEL ANGEL RODRIGUEZ AREVALO', 165),
(95, 56, 31, 3, '2021-04-24 10:07:02', 'MIGUEL ANGEL RODRIGUEZ AREVALO', 165),
(96, 56, 20, 9, '2021-04-24 10:07:02', 'MIGUEL ANGEL RODRIGUEZ AREVALO', 165),
(97, 56, 21, 9, '2021-04-24 10:07:02', 'MIGUEL ANGEL RODRIGUEZ AREVALO', 165),
(98, 56, 32, 1, '2021-04-24 10:07:02', 'MIGUEL ANGEL RODRIGUEZ AREVALO', 165),
(99, 56, 22, 2, '2021-04-24 10:07:02', 'MIGUEL ANGEL RODRIGUEZ AREVALO', 165),
(100, 57, 23, 10, '2021-04-24 10:12:06', 'LUIS WILFRIDO VAZQUEZ VARGAS', 174),
(101, 57, 16, 5, '2021-04-24 10:12:06', 'LUIS WILFRIDO VAZQUEZ VARGAS', 174),
(102, 57, 32, 1, '2021-04-24 10:12:06', 'LUIS WILFRIDO VAZQUEZ VARGAS', 174),
(103, 57, 26, 5, '2021-04-24 10:12:06', 'LUIS WILFRIDO VAZQUEZ VARGAS', 174),
(104, 58, 7, 1, '2021-04-26 09:13:03', 'MIGUEL ANGEL VILLALOBOS DÍAZ', 170),
(105, 58, 32, 1, '2021-04-26 09:13:03', 'MIGUEL ANGEL VILLALOBOS DÍAZ', 170),
(106, 58, 27, 1, '2021-04-26 09:13:03', 'MIGUEL ANGEL VILLALOBOS DÍAZ', 170),
(107, 58, 22, 2, '2021-04-26 09:13:03', 'MIGUEL ANGEL VILLALOBOS DÍAZ', 170),
(108, 59, 38, 1, '2021-04-26 09:27:56', 'LUIS FERNANDO VEGA GUZMAN', 175),
(109, 59, 32, 1, '2021-04-26 09:27:56', 'LUIS FERNANDO VEGA GUZMAN', 175),
(110, 59, 42, 5, '2021-04-26 09:27:56', 'LUIS FERNANDO VEGA GUZMAN', 175),
(111, 60, 1, 12, '2021-04-26 09:37:42', 'MIGUEL MARTINEZ RIVAS', 169),
(112, 60, 20, 6, '2021-04-26 09:37:42', 'MIGUEL MARTINEZ RIVAS', 169),
(113, 60, 21, 6, '2021-04-26 09:37:42', 'MIGUEL MARTINEZ RIVAS', 169),
(114, 60, 27, 1, '2021-04-26 09:37:42', 'MIGUEL MARTINEZ RIVAS', 169),
(115, 60, 32, 1, '2021-04-26 09:37:42', 'MIGUEL MARTINEZ RIVAS', 169),
(116, 60, 7, 3, '2021-04-26 09:37:42', 'MIGUEL MARTINEZ RIVAS', 169),
(117, 64, 32, 1, '2021-04-26 09:59:59', 'PABLO ISRAEL SAUCEDO RAMOS', 181),
(118, 64, 27, 1, '2021-04-26 09:59:59', 'PABLO ISRAEL SAUCEDO RAMOS', 181),
(119, 64, 23, 10, '2021-04-26 09:59:59', 'PABLO ISRAEL SAUCEDO RAMOS', 181),
(120, 64, 1, 10, '2021-04-26 09:59:59', 'PABLO ISRAEL SAUCEDO RAMOS', 181),
(121, 64, 7, 1, '2021-04-26 09:59:59', 'PABLO ISRAEL SAUCEDO RAMOS', 181),
(122, 65, 26, 1, '2021-04-26 10:03:04', 'LUIS WILFRIDO VAZQUEZ VARGAS', 174),
(123, 65, 23, 12, '2021-04-26 10:03:04', 'LUIS WILFRIDO VAZQUEZ VARGAS', 174),
(124, 65, 16, 1, '2021-04-26 10:03:04', 'LUIS WILFRIDO VAZQUEZ VARGAS', 174),
(125, 65, 32, 1, '2021-04-26 10:03:04', 'LUIS WILFRIDO VAZQUEZ VARGAS', 174),
(126, 65, 42, 4, '2021-04-26 10:03:04', 'LUIS WILFRIDO VAZQUEZ VARGAS', 174),
(127, 61, 5, 125, '2021-04-26 09:50:34', 'JOSEMAR JONATHAN HERNANDEZ MORENO', 180),
(128, 66, 37, 1, '2021-04-26 10:08:34', 'FRANCISCO ARTURO ALARCON CASTILLO', 171),
(129, 66, 32, 1, '2021-04-26 10:08:34', 'FRANCISCO ARTURO ALARCON CASTILLO', 171),
(130, 66, 23, 10, '2021-04-26 10:08:34', 'FRANCISCO ARTURO ALARCON CASTILLO', 171),
(131, 67, 32, 1, '2021-04-26 10:09:19', 'JOSE LUIS AGUILAR AREVALO', 167),
(132, 68, 7, 3, '2021-04-26 10:22:48', 'MIGUEL ANGEL RODRIGUEZ AREVALO', 165),
(133, 68, 20, 9, '2021-04-26 10:22:48', 'MIGUEL ANGEL RODRIGUEZ AREVALO', 165),
(134, 68, 21, 9, '2021-04-26 10:22:48', 'MIGUEL ANGEL RODRIGUEZ AREVALO', 165),
(135, 68, 32, 1, '2021-04-26 10:22:48', 'MIGUEL ANGEL RODRIGUEZ AREVALO', 165),
(136, 68, 22, 2, '2021-04-26 10:22:48', 'MIGUEL ANGEL RODRIGUEZ AREVALO', 165),
(137, 69, 37, 1, '2021-04-26 10:29:30', 'RUBEN PEREZ RAMIREZ', 173),
(138, 69, 23, 20, '2021-04-26 10:29:30', 'RUBEN PEREZ RAMIREZ', 173),
(139, 70, 5, 100, '2021-04-26 16:15:35', 'ALVARO FLORES MACIAS', 179),
(140, 71, 5, 175, '2021-04-27 09:22:24', 'JOSEMAR JONATHAN HERNANDEZ MORENO', 180),
(141, 72, 7, 2, '2021-04-27 10:10:58', 'JOSE LUIS AGUILAR AREVALO', 167),
(142, 72, 27, 1, '2021-04-27 10:10:58', 'JOSE LUIS AGUILAR AREVALO', 167),
(143, 72, 32, 1, '2021-04-27 10:10:58', 'JOSE LUIS AGUILAR AREVALO', 167),
(144, 72, 1, 6, '2021-04-27 10:10:58', 'JOSE LUIS AGUILAR AREVALO', 167),
(145, 72, 22, 2, '2021-04-27 10:10:58', 'JOSE LUIS AGUILAR AREVALO', 167),
(146, 73, 26, 3, '2021-04-27 10:21:49', 'LUIS WILFRIDO VAZQUEZ VARGAS', 174),
(147, 73, 16, 3, '2021-04-27 10:21:49', 'LUIS WILFRIDO VAZQUEZ VARGAS', 174),
(148, 73, 23, 11, '2021-04-27 10:21:49', 'LUIS WILFRIDO VAZQUEZ VARGAS', 174),
(149, 73, 33, 40, '2021-04-27 10:21:49', 'LUIS WILFRIDO VAZQUEZ VARGAS', 174),
(150, 76, 16, 3, '2021-04-27 10:30:24', 'LUIS FERNANDO VEGA GUZMAN', 175),
(151, 76, 23, 6, '2021-04-27 10:30:24', 'LUIS FERNANDO VEGA GUZMAN', 175),
(152, 76, 26, 3, '2021-04-27 10:30:24', 'LUIS FERNANDO VEGA GUZMAN', 175),
(153, 77, 38, 1, '2021-04-27 10:31:25', 'LUIS WILFRIDO VAZQUEZ VARGAS', 174),
(154, 75, 7, 2, '2021-04-27 10:28:50', 'FRANCISCO ARTURO ALARCON CASTILLO', 171),
(155, 75, 26, 1, '2021-04-27 10:28:50', 'FRANCISCO ARTURO ALARCON CASTILLO', 171),
(156, 75, 16, 1, '2021-04-27 10:28:50', 'FRANCISCO ARTURO ALARCON CASTILLO', 171),
(157, 78, 25, 100, '2021-04-27 11:26:07', 'ALVARO FLORES MACIAS', 179),
(158, 78, 8, 1, '2021-04-27 11:26:07', 'ALVARO FLORES MACIAS', 179),
(159, 78, 41, 5, '2021-04-27 11:26:07', 'ALVARO FLORES MACIAS', 179),
(160, 79, 16, 2, '2021-04-28 09:13:06', 'LUIS FERNANDO VEGA GUZMAN', 175),
(161, 79, 26, 2, '2021-04-28 09:13:06', 'LUIS FERNANDO VEGA GUZMAN', 175),
(162, 79, 23, 4, '2021-04-28 09:13:06', 'LUIS FERNANDO VEGA GUZMAN', 175),
(163, 80, 5, 125, '2021-04-28 09:26:33', 'JOSEMAR JONATHAN HERNANDEZ MORENO', 180),
(164, 82, 26, 3, '2021-04-28 10:02:00', 'LUIS WILFRIDO VAZQUEZ VARGAS', 174),
(165, 82, 16, 3, '2021-04-28 10:02:00', 'LUIS WILFRIDO VAZQUEZ VARGAS', 174),
(166, 82, 23, 12, '2021-04-28 10:02:00', 'LUIS WILFRIDO VAZQUEZ VARGAS', 174),
(167, 82, 33, 20, '2021-04-28 10:02:00', 'LUIS WILFRIDO VAZQUEZ VARGAS', 174),
(168, 83, 7, 1, '2021-04-28 10:08:57', 'JOSE LUIS AGUILAR AREVALO', 167),
(169, 83, 1, 4, '2021-04-28 10:08:57', 'JOSE LUIS AGUILAR AREVALO', 167),
(170, 85, 40, 2, '2021-04-28 12:21:32', 'SAUL PEREZ JIMENEZ', 176),
(171, 86, 5, 200, '2021-04-29 09:42:35', 'JOSEMAR JONATHAN HERNANDEZ MORENO', 180),
(172, 88, 47, 1, '2021-04-29 09:52:28', 'EDGAR FLORES MACIAS', 182),
(173, 87, 7, 3, '2021-04-29 09:51:32', 'MIGUEL ANGEL VILLALOBOS DÍAZ', 170),
(174, 87, 32, 1, '2021-04-29 09:51:32', 'MIGUEL ANGEL VILLALOBOS DÍAZ', 170),
(175, 89, 3, 3, '2021-04-29 10:02:22', 'ALVARO FLORES MACIAS', 179),
(176, 89, 44, 3, '2021-04-29 10:02:22', 'ALVARO FLORES MACIAS', 179),
(177, 89, 24, 1, '2021-04-29 10:02:22', 'ALVARO FLORES MACIAS', 179),
(178, 90, 27, 1, '2021-04-29 10:14:28', 'FRANCISCO ARTURO ALARCON CASTILLO', 171),
(179, 91, 26, 1, '2021-04-29 10:20:03', 'LUIS WILFRIDO VAZQUEZ VARGAS', 174),
(180, 91, 16, 1, '2021-04-29 10:20:03', 'LUIS WILFRIDO VAZQUEZ VARGAS', 174),
(181, 91, 23, 2, '2021-04-29 10:20:03', 'LUIS WILFRIDO VAZQUEZ VARGAS', 174),
(182, 92, 7, 1, '2021-04-29 10:20:54', 'MIGUEL ANGEL RODRIGUEZ AREVALO', 165),
(183, 93, 18, 36, '2021-04-29 10:27:11', 'SAUL PEREZ JIMENEZ', 176),
(184, 93, 32, 2, '2021-04-29 10:27:11', 'SAUL PEREZ JIMENEZ', 176),
(185, 94, 26, 4, '2021-04-30 09:25:14', 'LUIS FERNANDO VEGA GUZMAN', 175),
(186, 94, 23, 8, '2021-04-30 09:25:14', 'LUIS FERNANDO VEGA GUZMAN', 175),
(187, 94, 16, 4, '2021-04-30 09:25:14', 'LUIS FERNANDO VEGA GUZMAN', 175),
(188, 95, 5, 150, '2021-04-30 09:41:35', 'JOSEMAR JONATHAN HERNANDEZ MORENO', 180),
(189, 96, 7, 1, '2021-04-30 09:50:51', 'PABLO ISRAEL SAUCEDO RAMOS', 181),
(190, 96, 22, 2, '2021-04-30 09:50:51', 'PABLO ISRAEL SAUCEDO RAMOS', 181),
(191, 97, 7, 3, '2021-04-30 10:12:32', 'VICTOR RODRIGUEZ AREVALO', 166),
(192, 97, 32, 1, '2021-04-30 10:12:32', 'VICTOR RODRIGUEZ AREVALO', 166),
(193, 97, 27, 1, '2021-04-30 10:12:32', 'VICTOR RODRIGUEZ AREVALO', 166),
(194, 97, 1, 12, '2021-04-30 10:12:32', 'VICTOR RODRIGUEZ AREVALO', 166),
(195, 97, 20, 9, '2021-04-30 10:12:32', 'VICTOR RODRIGUEZ AREVALO', 166),
(196, 97, 21, 9, '2021-04-30 10:12:32', 'VICTOR RODRIGUEZ AREVALO', 166),
(197, 98, 23, 6, '2021-04-30 10:24:05', 'LUIS WILFRIDO VAZQUEZ VARGAS', 174),
(198, 98, 26, 3, '2021-04-30 10:24:05', 'LUIS WILFRIDO VAZQUEZ VARGAS', 174),
(199, 98, 16, 3, '2021-04-30 10:24:05', 'LUIS WILFRIDO VAZQUEZ VARGAS', 174),
(200, 98, 33, 40, '2021-04-30 10:24:05', 'LUIS WILFRIDO VAZQUEZ VARGAS', 174),
(201, 99, 7, 1, '2021-04-30 10:25:11', 'MIGUEL ANGEL RODRIGUEZ AREVALO', 165),
(202, 99, 33, 20, '2021-04-30 10:25:11', 'MIGUEL ANGEL RODRIGUEZ AREVALO', 165),
(203, 99, 23, 6, '2021-04-30 10:25:11', 'MIGUEL ANGEL RODRIGUEZ AREVALO', 165),
(204, 99, 32, 1, '2021-04-30 10:25:11', 'MIGUEL ANGEL RODRIGUEZ AREVALO', 165),
(205, 99, 20, 6, '2021-04-30 10:25:11', 'MIGUEL ANGEL RODRIGUEZ AREVALO', 165),
(206, 99, 21, 6, '2021-04-30 10:25:11', 'MIGUEL ANGEL RODRIGUEZ AREVALO', 165),
(207, 100, 7, 2, '2021-05-03 09:36:30', 'MIGUEL MARTINEZ RIVAS', 169),
(208, 100, 37, 1, '2021-05-03 09:36:30', 'MIGUEL MARTINEZ RIVAS', 169),
(209, 100, 1, 8, '2021-05-03 09:36:30', 'MIGUEL MARTINEZ RIVAS', 169),
(210, 100, 32, 1, '2021-05-03 09:36:30', 'MIGUEL MARTINEZ RIVAS', 169),
(211, 100, 21, 6, '2021-05-03 09:36:30', 'MIGUEL MARTINEZ RIVAS', 169),
(212, 100, 20, 6, '2021-05-03 09:36:30', 'MIGUEL MARTINEZ RIVAS', 169),
(213, 100, 22, 2, '2021-05-03 09:36:30', 'MIGUEL MARTINEZ RIVAS', 169),
(214, 101, 16, 1, '2021-05-03 09:48:11', 'LUIS WILFRIDO VAZQUEZ VARGAS', 174),
(215, 101, 26, 1, '2021-05-03 09:48:11', 'LUIS WILFRIDO VAZQUEZ VARGAS', 174),
(216, 101, 23, 10, '2021-05-03 09:48:11', 'LUIS WILFRIDO VAZQUEZ VARGAS', 174),
(217, 101, 38, 1, '2021-05-03 09:48:11', 'LUIS WILFRIDO VAZQUEZ VARGAS', 174),
(218, 101, 33, 40, '2021-05-03 09:48:11', 'LUIS WILFRIDO VAZQUEZ VARGAS', 174),
(219, 103, 7, 2, '2021-05-03 10:02:00', 'MIGUEL ANGEL VILLALOBOS DÍAZ', 170),
(220, 102, 25, 100, '2021-05-03 09:58:35', 'ALVARO FLORES MACIAS', 179),
(221, 102, 44, 4, '2021-05-03 09:58:35', 'ALVARO FLORES MACIAS', 179),
(222, 102, 28, 1, '2021-05-03 09:58:35', 'ALVARO FLORES MACIAS', 179),
(223, 102, 3, 4, '2021-05-03 09:58:35', 'ALVARO FLORES MACIAS', 179),
(224, 106, 27, 1, '2021-05-03 10:20:01', 'PABLO ISRAEL SAUCEDO RAMOS', 181),
(225, 106, 23, 10, '2021-05-03 10:20:01', 'PABLO ISRAEL SAUCEDO RAMOS', 181),
(226, 106, 7, 1, '2021-05-03 10:20:01', 'PABLO ISRAEL SAUCEDO RAMOS', 181),
(227, 106, 32, 1, '2021-05-03 10:20:01', 'PABLO ISRAEL SAUCEDO RAMOS', 181),
(228, 107, 7, 2, '2021-05-03 10:26:56', 'MIGUEL ANGEL RODRIGUEZ AREVALO', 165),
(229, 107, 20, 6, '2021-05-03 10:26:56', 'MIGUEL ANGEL RODRIGUEZ AREVALO', 165),
(230, 107, 21, 6, '2021-05-03 10:26:56', 'MIGUEL ANGEL RODRIGUEZ AREVALO', 165),
(231, 107, 32, 1, '2021-05-03 10:26:56', 'MIGUEL ANGEL RODRIGUEZ AREVALO', 165),
(232, 107, 27, 1, '2021-05-03 10:26:56', 'MIGUEL ANGEL RODRIGUEZ AREVALO', 165),
(233, 107, 31, 2, '2021-05-03 10:26:56', 'MIGUEL ANGEL RODRIGUEZ AREVALO', 165),
(234, 104, 7, 3, '2021-05-03 10:17:53', 'LUIS MANUEL MORENO MARCHAN', 168),
(235, 104, 32, 1, '2021-05-03 10:17:53', 'LUIS MANUEL MORENO MARCHAN', 168),
(236, 104, 1, 12, '2021-05-03 10:17:53', 'LUIS MANUEL MORENO MARCHAN', 168),
(237, 104, 20, 9, '2021-05-03 10:17:53', 'LUIS MANUEL MORENO MARCHAN', 168),
(238, 104, 21, 9, '2021-05-03 10:17:53', 'LUIS MANUEL MORENO MARCHAN', 168),
(239, 104, 27, 1, '2021-05-03 10:17:53', 'LUIS MANUEL MORENO MARCHAN', 168),
(240, 104, 22, 2, '2021-05-03 10:17:53', 'LUIS MANUEL MORENO MARCHAN', 168),
(241, 108, 32, 1, '2021-05-03 10:29:38', 'JOSE LUIS AGUILAR AREVALO', 167),
(242, 108, 27, 1, '2021-05-03 10:29:38', 'JOSE LUIS AGUILAR AREVALO', 167),
(243, 108, 1, 12, '2021-05-03 10:29:38', 'JOSE LUIS AGUILAR AREVALO', 167),
(244, 108, 22, 2, '2021-05-03 10:29:38', 'JOSE LUIS AGUILAR AREVALO', 167),
(245, 108, 7, 3, '2021-05-03 10:29:38', 'JOSE LUIS AGUILAR AREVALO', 167),
(246, 109, 26, 1, '2021-05-04 09:50:30', 'LUIS WILFRIDO VAZQUEZ VARGAS', 174),
(247, 109, 16, 1, '2021-05-04 09:50:30', 'LUIS WILFRIDO VAZQUEZ VARGAS', 174),
(248, 109, 23, 2, '2021-05-04 09:50:30', 'LUIS WILFRIDO VAZQUEZ VARGAS', 174),
(249, 110, 32, 3, '2021-05-04 10:20:00', 'DON POL', 184),
(250, 110, 25, 25, '2021-05-04 10:20:00', 'DON POL', 184),
(251, 111, 18, 36, '2021-05-04 10:26:37', 'SAUL PEREZ JIMENEZ', 176),
(252, 113, 40, 2, '2021-05-04 11:06:51', 'SAUL PEREZ JIMENEZ', 176),
(253, 114, 32, 4, '2021-05-04 14:03:55', 'CARLOS ARTURO', 185),
(254, 117, 7, 2, '2021-05-05 09:33:11', 'PABLO ISRAEL SAUCEDO RAMOS', 181),
(255, 117, 22, 2, '2021-05-05 09:33:11', 'PABLO ISRAEL SAUCEDO RAMOS', 181),
(256, 117, 20, 12, '2021-05-05 09:33:11', 'PABLO ISRAEL SAUCEDO RAMOS', 181),
(257, 117, 21, 12, '2021-05-05 09:33:11', 'PABLO ISRAEL SAUCEDO RAMOS', 181),
(258, 115, 7, 2, '2021-05-05 09:29:32', 'MIGUEL MARTINEZ RIVAS', 169),
(259, 115, 22, 2, '2021-05-05 09:29:32', 'MIGUEL MARTINEZ RIVAS', 169),
(260, 115, 27, 1, '2021-05-05 09:29:32', 'MIGUEL MARTINEZ RIVAS', 169),
(261, 115, 1, 8, '2021-05-05 09:29:32', 'MIGUEL MARTINEZ RIVAS', 169),
(262, 115, 32, 1, '2021-05-05 09:29:32', 'MIGUEL MARTINEZ RIVAS', 169),
(263, 116, 5, 175, '2021-05-05 09:30:09', 'JOSEMAR JONATHAN HERNANDEZ MORENO', 180),
(264, 116, 2, 1, '2021-05-05 09:30:09', 'JOSEMAR JONATHAN HERNANDEZ MORENO', 180),
(265, 118, 7, 2, '2021-05-05 09:47:21', 'LUIS MANUEL MORENO MARCHAN', 168),
(266, 118, 27, 1, '2021-05-05 09:47:21', 'LUIS MANUEL MORENO MARCHAN', 168),
(267, 118, 22, 2, '2021-05-05 09:47:21', 'LUIS MANUEL MORENO MARCHAN', 168),
(268, 118, 32, 1, '2021-05-05 09:47:21', 'LUIS MANUEL MORENO MARCHAN', 168),
(269, 118, 1, 8, '2021-05-05 09:47:21', 'LUIS MANUEL MORENO MARCHAN', 168),
(270, 118, 21, 6, '2021-05-05 09:47:21', 'LUIS MANUEL MORENO MARCHAN', 168),
(271, 118, 20, 6, '2021-05-05 09:47:21', 'LUIS MANUEL MORENO MARCHAN', 168),
(272, 119, 16, 4, '2021-05-05 09:57:19', 'LUIS WILFRIDO VAZQUEZ VARGAS', 174),
(273, 119, 23, 8, '2021-05-05 09:57:19', 'LUIS WILFRIDO VAZQUEZ VARGAS', 174),
(274, 119, 26, 4, '2021-05-05 09:57:19', 'LUIS WILFRIDO VAZQUEZ VARGAS', 174),
(275, 119, 32, 1, '2021-05-05 09:57:19', 'LUIS WILFRIDO VAZQUEZ VARGAS', 174),
(276, 119, 42, 3, '2021-05-05 09:57:19', 'LUIS WILFRIDO VAZQUEZ VARGAS', 174),
(277, 119, 33, 30, '2021-05-05 09:57:19', 'LUIS WILFRIDO VAZQUEZ VARGAS', 174),
(278, 120, 7, 2, '2021-05-05 10:11:07', 'JOSE LUIS AGUILAR AREVALO', 167),
(279, 120, 1, 8, '2021-05-05 10:11:07', 'JOSE LUIS AGUILAR AREVALO', 167),
(280, 120, 32, 1, '2021-05-05 10:11:07', 'JOSE LUIS AGUILAR AREVALO', 167),
(281, 120, 37, 1, '2021-05-05 10:11:07', 'JOSE LUIS AGUILAR AREVALO', 167),
(282, 121, 2, 1, '2021-05-05 10:15:13', 'ALVARO FLORES MACIAS', 179),
(283, 123, 5, 50, '2021-05-06 09:34:06', 'JOSEMAR JONATHAN HERNANDEZ MORENO', 180),
(284, 123, 6, 25, '2021-05-06 09:34:06', 'JOSEMAR JONATHAN HERNANDEZ MORENO', 180),
(285, 123, 29, 25, '2021-05-06 09:34:06', 'JOSEMAR JONATHAN HERNANDEZ MORENO', 180),
(286, 123, 32, 2, '2021-05-06 09:34:06', 'JOSEMAR JONATHAN HERNANDEZ MORENO', 180),
(287, 124, 7, 3, '2021-05-06 10:00:01', 'LUIS MANUEL MORENO MARCHAN', 168),
(288, 124, 20, 9, '2021-05-06 10:00:01', 'LUIS MANUEL MORENO MARCHAN', 168),
(289, 124, 21, 9, '2021-05-06 10:00:01', 'LUIS MANUEL MORENO MARCHAN', 168),
(290, 124, 1, 12, '2021-05-06 10:00:01', 'LUIS MANUEL MORENO MARCHAN', 168),
(291, 127, 22, 3, '2021-05-06 10:15:00', 'LUIS MANUEL MORENO MARCHAN', 168),
(292, 126, 7, 3, '2021-05-06 10:13:13', 'JOSE LUIS AGUILAR AREVALO', 167),
(293, 126, 1, 12, '2021-05-06 10:13:13', 'JOSE LUIS AGUILAR AREVALO', 167),
(294, 126, 20, 9, '2021-05-06 10:13:13', 'JOSE LUIS AGUILAR AREVALO', 167),
(295, 126, 32, 1, '2021-05-06 10:13:13', 'JOSE LUIS AGUILAR AREVALO', 167),
(296, 126, 27, 1, '2021-05-06 10:13:13', 'JOSE LUIS AGUILAR AREVALO', 167),
(297, 128, 16, 1, '2021-05-06 10:15:45', 'LUIS WILFRIDO VAZQUEZ VARGAS', 174),
(298, 128, 23, 2, '2021-05-06 10:15:45', 'LUIS WILFRIDO VAZQUEZ VARGAS', 174),
(299, 128, 26, 1, '2021-05-06 10:15:45', 'LUIS WILFRIDO VAZQUEZ VARGAS', 174),
(300, 129, 7, 2, '2021-05-06 10:23:25', 'VICTOR RODRIGUEZ AREVALO', 166),
(301, 129, 32, 1, '2021-05-06 10:23:25', 'VICTOR RODRIGUEZ AREVALO', 166),
(302, 129, 37, 1, '2021-05-06 10:23:25', 'VICTOR RODRIGUEZ AREVALO', 166),
(303, 130, 7, 2, '2021-05-06 10:34:28', 'MIGUEL ANGEL RODRIGUEZ AREVALO', 165),
(304, 130, 20, 6, '2021-05-06 10:34:28', 'MIGUEL ANGEL RODRIGUEZ AREVALO', 165),
(305, 130, 21, 6, '2021-05-06 10:34:28', 'MIGUEL ANGEL RODRIGUEZ AREVALO', 165),
(306, 130, 1, 8, '2021-05-06 10:34:28', 'MIGUEL ANGEL RODRIGUEZ AREVALO', 165),
(307, 130, 32, 1, '2021-05-06 10:34:28', 'MIGUEL ANGEL RODRIGUEZ AREVALO', 165),
(308, 130, 31, 2, '2021-05-06 10:34:28', 'MIGUEL ANGEL RODRIGUEZ AREVALO', 165),
(309, 131, 7, 4, '2021-05-07 09:22:33', 'MIGUEL ANGEL VILLALOBOS DÍAZ', 170),
(310, 131, 31, 4, '2021-05-07 09:22:33', 'MIGUEL ANGEL VILLALOBOS DÍAZ', 170),
(311, 131, 27, 1, '2021-05-07 09:22:33', 'MIGUEL ANGEL VILLALOBOS DÍAZ', 170),
(312, 131, 32, 1, '2021-05-07 09:22:33', 'MIGUEL ANGEL VILLALOBOS DÍAZ', 170),
(313, 131, 22, 2, '2021-05-07 09:22:33', 'MIGUEL ANGEL VILLALOBOS DÍAZ', 170),
(314, 132, 38, 1, '2021-05-07 09:32:21', 'LUIS FERNANDO VEGA GUZMAN', 175),
(315, 132, 42, 5, '2021-05-07 09:32:21', 'LUIS FERNANDO VEGA GUZMAN', 175),
(316, 132, 33, 50, '2021-05-07 09:32:21', 'LUIS FERNANDO VEGA GUZMAN', 175),
(317, 135, 23, 12, '2021-05-07 09:52:26', 'LUIS WILFRIDO VAZQUEZ VARGAS', 174),
(318, 135, 16, 1, '2021-05-07 09:52:26', 'LUIS WILFRIDO VAZQUEZ VARGAS', 174),
(319, 135, 26, 1, '2021-05-07 09:52:26', 'LUIS WILFRIDO VAZQUEZ VARGAS', 174),
(320, 135, 33, 30, '2021-05-07 09:52:26', 'LUIS WILFRIDO VAZQUEZ VARGAS', 174),
(321, 136, 1, 20, '2021-05-07 09:56:25', 'MIGUEL MARTINEZ RIVAS', 169),
(322, 136, 22, 3, '2021-05-07 09:56:25', 'MIGUEL MARTINEZ RIVAS', 169),
(323, 136, 32, 1, '2021-05-07 09:56:25', 'MIGUEL MARTINEZ RIVAS', 169),
(324, 136, 20, 12, '2021-05-07 09:56:25', 'MIGUEL MARTINEZ RIVAS', 169),
(325, 136, 21, 12, '2021-05-07 09:56:25', 'MIGUEL MARTINEZ RIVAS', 169),
(326, 136, 7, 3, '2021-05-07 09:56:25', 'MIGUEL MARTINEZ RIVAS', 169),
(327, 136, 27, 1, '2021-05-07 09:56:25', 'MIGUEL MARTINEZ RIVAS', 169),
(328, 137, 7, 5, '2021-05-07 10:08:36', 'LUIS MANUEL MORENO MARCHAN', 168),
(329, 137, 20, 15, '2021-05-07 10:08:36', 'LUIS MANUEL MORENO MARCHAN', 168),
(330, 137, 21, 15, '2021-05-07 10:08:36', 'LUIS MANUEL MORENO MARCHAN', 168),
(331, 137, 1, 20, '2021-05-07 10:08:36', 'LUIS MANUEL MORENO MARCHAN', 168),
(332, 137, 32, 1, '2021-05-07 10:08:36', 'LUIS MANUEL MORENO MARCHAN', 168),
(333, 137, 22, 5, '2021-05-07 10:08:36', 'LUIS MANUEL MORENO MARCHAN', 168),
(334, 137, 27, 1, '2021-05-07 10:08:36', 'LUIS MANUEL MORENO MARCHAN', 168),
(335, 138, 37, 1, '2021-05-07 10:14:50', 'LUIS MANUEL MORENO MARCHAN', 168),
(336, 139, 7, 6, '2021-05-07 10:23:54', 'MIGUEL ANGEL RODRIGUEZ AREVALO', 165),
(337, 139, 27, 1, '2021-05-07 10:23:54', 'MIGUEL ANGEL RODRIGUEZ AREVALO', 165),
(338, 139, 1, 24, '2021-05-07 10:23:54', 'MIGUEL ANGEL RODRIGUEZ AREVALO', 165),
(339, 139, 32, 1, '2021-05-07 10:23:54', 'MIGUEL ANGEL RODRIGUEZ AREVALO', 165),
(340, 139, 21, 18, '2021-05-07 10:23:54', 'MIGUEL ANGEL RODRIGUEZ AREVALO', 165),
(341, 139, 20, 18, '2021-05-07 10:23:54', 'MIGUEL ANGEL RODRIGUEZ AREVALO', 165),
(342, 139, 37, 1, '2021-05-07 10:23:54', 'MIGUEL ANGEL RODRIGUEZ AREVALO', 165),
(343, 139, 31, 5, '2021-05-07 10:23:54', 'MIGUEL ANGEL RODRIGUEZ AREVALO', 165),
(344, 142, 3, 10, '2021-05-07 14:40:17', 'ALVARO FLORES MACIAS', 179),
(345, 142, 44, 10, '2021-05-07 14:40:17', 'ALVARO FLORES MACIAS', 179),
(346, 142, 8, 1, '2021-05-07 14:40:17', 'ALVARO FLORES MACIAS', 179),
(347, 142, 25, 50, '2021-05-07 14:40:17', 'ALVARO FLORES MACIAS', 179),
(348, 144, 37, 1, '2021-05-10 09:44:56', 'MIGUEL ANGEL VILLALOBOS DÍAZ', 170),
(349, 144, 27, 1, '2021-05-10 09:44:56', 'MIGUEL ANGEL VILLALOBOS DÍAZ', 170),
(350, 144, 32, 1, '2021-05-10 09:44:56', 'MIGUEL ANGEL VILLALOBOS DÍAZ', 170),
(351, 144, 7, 1, '2021-05-10 09:44:56', 'MIGUEL ANGEL VILLALOBOS DÍAZ', 170),
(352, 145, 23, 10, '2021-05-10 09:46:26', 'PABLO ISRAEL SAUCEDO RAMOS', 181),
(353, 145, 1, 10, '2021-05-10 09:46:26', 'PABLO ISRAEL SAUCEDO RAMOS', 181),
(354, 145, 27, 1, '2021-05-10 09:46:26', 'PABLO ISRAEL SAUCEDO RAMOS', 181),
(355, 145, 32, 1, '2021-05-10 09:46:26', 'PABLO ISRAEL SAUCEDO RAMOS', 181),
(356, 147, 33, 50, '2021-05-10 10:07:02', 'LUIS FERNANDO VEGA GUZMAN', 175),
(357, 147, 32, 1, '2021-05-10 10:07:02', 'LUIS FERNANDO VEGA GUZMAN', 175),
(358, 147, 23, 10, '2021-05-10 10:07:02', 'LUIS FERNANDO VEGA GUZMAN', 175),
(359, 147, 22, 5, '2021-05-10 10:07:02', 'LUIS FERNANDO VEGA GUZMAN', 175),
(360, 147, 26, 2, '2021-05-10 10:07:02', 'LUIS FERNANDO VEGA GUZMAN', 175),
(361, 147, 16, 2, '2021-05-10 10:07:02', 'LUIS FERNANDO VEGA GUZMAN', 175),
(362, 148, 23, 10, '2021-05-10 10:07:45', 'JESUS BERZAIN GUTIERREZ VICTORIO', 183),
(363, 148, 32, 1, '2021-05-10 10:07:45', 'JESUS BERZAIN GUTIERREZ VICTORIO', 183),
(364, 148, 1, 15, '2021-05-10 10:07:45', 'JESUS BERZAIN GUTIERREZ VICTORIO', 183),
(365, 146, 7, 3, '2021-05-10 10:04:26', 'LUIS MANUEL MORENO MARCHAN', 168),
(366, 146, 20, 9, '2021-05-10 10:04:26', 'LUIS MANUEL MORENO MARCHAN', 168),
(367, 146, 21, 9, '2021-05-10 10:04:26', 'LUIS MANUEL MORENO MARCHAN', 168),
(368, 146, 1, 12, '2021-05-10 10:04:26', 'LUIS MANUEL MORENO MARCHAN', 168),
(369, 146, 32, 1, '2021-05-10 10:04:26', 'LUIS MANUEL MORENO MARCHAN', 168),
(370, 146, 22, 2, '2021-05-10 10:04:26', 'LUIS MANUEL MORENO MARCHAN', 168),
(371, 146, 27, 1, '2021-05-10 10:04:26', 'LUIS MANUEL MORENO MARCHAN', 168),
(372, 146, 31, 3, '2021-05-10 10:04:26', 'LUIS MANUEL MORENO MARCHAN', 168),
(373, 149, 5, 75, '2021-05-10 10:08:14', 'JOSEMAR JONATHAN HERNANDEZ MORENO', 180),
(374, 149, 6, 20, '2021-05-10 10:08:14', 'JOSEMAR JONATHAN HERNANDEZ MORENO', 180),
(375, 153, 25, 100, '2021-05-10 10:27:29', 'ALVARO FLORES MACIAS', 179),
(376, 153, 5, 50, '2021-05-10 10:27:29', 'ALVARO FLORES MACIAS', 179),
(377, 153, 29, 50, '2021-05-10 10:27:29', 'ALVARO FLORES MACIAS', 179),
(378, 153, 6, 20, '2021-05-10 10:27:29', 'ALVARO FLORES MACIAS', 179),
(379, 151, 32, 1, '2021-05-10 10:25:13', 'FRANCISCO ARTURO ALARCON CASTILLO', 171),
(380, 151, 23, 10, '2021-05-10 10:25:13', 'FRANCISCO ARTURO ALARCON CASTILLO', 171),
(381, 151, 1, 15, '2021-05-10 10:25:13', 'FRANCISCO ARTURO ALARCON CASTILLO', 171),
(382, 152, 7, 1, '2021-05-10 10:26:05', 'MIGUEL ANGEL RODRIGUEZ AREVALO', 165),
(383, 152, 31, 1, '2021-05-10 10:26:05', 'MIGUEL ANGEL RODRIGUEZ AREVALO', 165),
(384, 152, 32, 1, '2021-05-10 10:26:05', 'MIGUEL ANGEL RODRIGUEZ AREVALO', 165),
(385, 155, 7, 2, '2021-05-10 10:32:43', 'JOSE LUIS AGUILAR AREVALO', 167),
(386, 155, 1, 8, '2021-05-10 10:32:43', 'JOSE LUIS AGUILAR AREVALO', 167),
(387, 155, 32, 1, '2021-05-10 10:32:43', 'JOSE LUIS AGUILAR AREVALO', 167),
(388, 155, 27, 1, '2021-05-10 10:32:43', 'JOSE LUIS AGUILAR AREVALO', 167),
(389, 155, 31, 2, '2021-05-10 10:32:43', 'JOSE LUIS AGUILAR AREVALO', 167),
(390, 150, 38, 1, '2021-05-10 10:19:22', 'LUIS WILFRIDO VAZQUEZ VARGAS', 174),
(391, 150, 33, 2, '2021-05-10 10:19:22', 'LUIS WILFRIDO VAZQUEZ VARGAS', 174),
(392, 150, 16, 3, '2021-05-10 10:19:22', 'LUIS WILFRIDO VAZQUEZ VARGAS', 174),
(393, 150, 26, 3, '2021-05-10 10:19:22', 'LUIS WILFRIDO VAZQUEZ VARGAS', 174),
(394, 150, 23, 6, '2021-05-10 10:19:22', 'LUIS WILFRIDO VAZQUEZ VARGAS', 174),
(395, 156, 33, 18, '2021-05-10 10:49:33', 'LUIS WILFRIDO VAZQUEZ VARGAS', 174),
(396, 154, 7, 1, '2021-05-10 10:29:15', 'VICTOR RODRIGUEZ AREVALO', 166),
(397, 154, 32, 1, '2021-05-10 10:29:15', 'VICTOR RODRIGUEZ AREVALO', 166),
(398, 154, 22, 1, '2021-05-10 10:29:15', 'VICTOR RODRIGUEZ AREVALO', 166),
(399, 154, 31, 1, '2021-05-10 10:29:15', 'VICTOR RODRIGUEZ AREVALO', 166),
(400, 157, 5, 286, '2021-05-11 10:04:43', 'JOSEMAR JONATHAN HERNANDEZ MORENO', 180),
(401, 157, 6, 143, '2021-05-11 10:04:43', 'JOSEMAR JONATHAN HERNANDEZ MORENO', 180),
(402, 157, 29, 143, '2021-05-11 10:04:43', 'JOSEMAR JONATHAN HERNANDEZ MORENO', 180),
(403, 157, 2, 3, '2021-05-11 10:04:43', 'JOSEMAR JONATHAN HERNANDEZ MORENO', 180);

-- --------------------------------------------------------

--
-- Estructura de tabla para la tabla `inventario`
--

CREATE TABLE `inventario` (
  `id` int(11) NOT NULL,
  `codproducto` int(11) NOT NULL,
  `fecha_inv` int(11) NOT NULL
) ENGINE=InnoDB DEFAULT CHARSET=utf8;

-- --------------------------------------------------------

--
-- Estructura de tabla para la tabla `mexicanada`
--

CREATE TABLE `mexicanada` (
  `id_gen` int(11) NOT NULL,
  `no` int(11) NOT NULL
) ENGINE=InnoDB DEFAULT CHARSET=utf8;

--
-- Volcado de datos para la tabla `mexicanada`
--

INSERT INTO `mexicanada` (`id_gen`, `no`) VALUES
(13, 1),
(14, 1),
(15, 1),
(16, 1),
(17, 1),
(18, 1),
(19, 1),
(20, 1),
(21, 1),
(22, 1),
(23, 1),
(24, 1),
(25, 1),
(26, 1),
(27, 1),
(28, 1),
(29, 1),
(30, 1),
(31, 1),
(32, 1),
(33, 1),
(34, 1),
(35, 1),
(36, 1),
(37, 1),
(38, 1),
(39, 1),
(40, 1),
(41, 1),
(42, 1),
(43, 1),
(44, 1),
(45, 1),
(46, 1),
(47, 1),
(48, 1),
(49, 1),
(50, 1),
(51, 1),
(52, 1),
(53, 1),
(54, 1),
(55, 1),
(56, 1),
(57, 1),
(58, 1),
(59, 1),
(60, 1),
(61, 1),
(62, 1),
(63, 1),
(64, 1),
(65, 1),
(66, 1),
(67, 1),
(68, 1),
(69, 1),
(70, 1),
(71, 1),
(72, 1),
(73, 1),
(74, 1),
(75, 1),
(76, 1),
(77, 1),
(78, 1),
(79, 1),
(80, 1),
(81, 1),
(82, 1),
(83, 1),
(84, 1),
(85, 1),
(86, 1),
(87, 1),
(88, 1),
(89, 1),
(90, 1),
(91, 1),
(92, 1),
(93, 1),
(94, 1),
(95, 1),
(96, 1),
(97, 1),
(98, 1),
(99, 1),
(100, 1),
(101, 1),
(102, 1),
(103, 1),
(104, 1),
(105, 1),
(106, 1),
(107, 1),
(108, 1),
(109, 1),
(110, 1),
(111, 1),
(112, 1),
(113, 1),
(114, 1),
(115, 1),
(116, 1),
(117, 1),
(118, 1),
(119, 1),
(120, 1),
(121, 1),
(122, 1),
(123, 1),
(124, 1),
(125, 1),
(126, 1),
(127, 1),
(128, 1),
(129, 1),
(130, 1),
(131, 1),
(132, 1),
(133, 1),
(134, 1),
(135, 1),
(136, 1),
(137, 1),
(138, 1),
(139, 1),
(140, 1),
(141, 1),
(142, 1),
(143, 1),
(144, 1),
(145, 1),
(146, 1),
(147, 1),
(148, 1),
(149, 1),
(150, 1),
(151, 1),
(152, 1),
(153, 1),
(154, 1),
(155, 1),
(156, 1),
(157, 1);

-- --------------------------------------------------------

--
-- Estructura de tabla para la tabla `peticion`
--

CREATE TABLE `peticion` (
  `id_p` int(11) NOT NULL,
  `codproducto` int(11) NOT NULL,
  `descripcion` varchar(200) COLLATE utf8_spanish_ci NOT NULL,
  `cantidad` int(11) NOT NULL,
  `imagen` varchar(999) COLLATE utf8_spanish_ci NOT NULL
) ENGINE=InnoDB DEFAULT CHARSET=utf8 COLLATE=utf8_spanish_ci;

-- --------------------------------------------------------

--
-- Estructura de tabla para la tabla `producto`
--

CREATE TABLE `producto` (
  `codproducto` int(11) NOT NULL,
  `descripcion` varchar(200) COLLATE utf8_spanish_ci NOT NULL,
  `proveedor` int(11) NOT NULL,
  `precio` decimal(10,2) NOT NULL,
  `existencia` int(11) NOT NULL,
  `stockm` int(11) NOT NULL,
  `usuario_id` int(11) NOT NULL,
  `imagen` varchar(999) COLLATE utf8_spanish_ci NOT NULL
) ENGINE=InnoDB DEFAULT CHARSET=utf8 COLLATE=utf8_spanish_ci;

--
-- Volcado de datos para la tabla `producto`
--

INSERT INTO `producto` (`codproducto`, `descripcion`, `proveedor`, `precio`, `existencia`, `stockm`, `usuario_id`, `imagen`) VALUES
(1, 'PLUG RJ45 CAT 5E', 0, 0.00, 261, 0, 1, 'imagenes_inv/PLUG RJ45 CAT 5E.jpg'),
(2, 'FLEJE DE ACERO INOXIDABLE 5/8', 0, 0.00, 39, 0, 1, 'imagenes_inv/FLEJEDEACEROINOXIDABLE58.jpg'),
(3, 'CAJA TERMINAL SEGUNDO NIVEL', 0, 0.00, 263, 0, 1, 'imagenes_inv/CAJA TERMINAL SEGUNDO NIVEL.jpg'),
(4, 'KIT INSTALADOR FIBRA OPTICA', 0, 0.00, 1, 0, 1, 'imagenes_inv/KIT INSTALADOR FIBRA OPTICA.jpg'),
(5, 'REMATE PREFORMADO 1/16\"', 0, 0.00, 1944, 0, 1, 'imagenes_inv/REMATE PREFORMADO.jpg'),
(6, 'HERRAJE TIPO D', 0, 0.00, 451, 0, 1, 'imagenes_inv/HERRAJETIPOD.jpg'),
(7, 'MASTIL PARA ANTENA', 0, 0.00, 60, 0, 1, 'imagenes_inv/MASTIL PARA ANTENAA.jpg'),
(8, 'CINTA DOBLE CARA', 0, 0.00, 5, 0, 1, 'imagenes_inv/CINTA DOBLE CARAA.jpg'),
(9, 'SPLITER DE PRIMER NIVEL 1*8', 0, 0.00, 49, 0, 1, 'imagenes_inv/SPLITER DE PRIMER NIVEL 1*8A.jpg'),
(10, 'SPLITER DE SEGUNDO NIVEL 1*16', 0, 0.00, 302, 0, 1, 'imagenes_inv/SPLITER DE SEGUNDO NIVEL 1*16A.jpg'),
(11, 'MANGA PARA EMPALME DE FIBRA OPTICA', 0, 0.00, 1843, 0, 1, 'imagenes_inv/MANGA PARA EMPALME DE FIBRA OPTICAA.jpg'),
(12, 'PINZAS PELADORAS 3 PASOS PARA FIBRA', 0, 0.00, 4, 0, 1, 'imagenes_inv/PINZAS PELADORAS 3 PASOS PARA FIBRAA.jpg'),
(13, 'ACOPLADORES DE FIBRA OPTICA', 0, 0.00, 0, 0, 1, 'imagenes_inv/ACOPLADORES DE FIBRA OPTICAA.jpg'),
(14, 'JUMPER SC APC/SC UPC', 0, 0.00, 29, 0, 1, 'imagenes_inv/JUMPER SC APC-SC UPCA.jpg'),
(15, 'JUMPER LC APC/LC APC DUPLEX', 0, 0.00, 0, 0, 1, 'imagenes_inv/JUMPER LC APC-LC APC DUPLEXA.jpg'),
(16, 'JUMPER SC APC/SC APC', 0, 0.00, 2346, 0, 1, 'imagenes_inv/JUMPERSCAPCSCAPCA.jpg'),
(17, 'JUMPER SC APC/LC UPC', 0, 0.00, 92, 0, 1, 'imagenes_inv/JUMPERSCAPCLCUPCA.jpg'),
(18, 'NUDOS 3/16\"', 0, 0.00, 852, 0, 1, 'imagenes_inv/NUDOS316A.jpg'),
(19, 'ONU XPON HUAWEI DIGITALNET', 0, 0.00, 0, 0, 1, 'imagenes_inv/ONUXPONHUAWEIDIGITALNETA.jpg'),
(20, 'ARMELLA CERRADA 25*130', 0, 0.00, 2362, 0, 1, 'imagenes_inv/ARMELLACERRADA25130A.jpg'),
(21, 'TAQUETE DE PLASTICO 3/8\"', 0, 0.00, 2075, 0, 1, 'imagenes_inv/TAQUETEDEPLASTICO38A.jpg'),
(22, 'GRAPA REDONDA PARA CABLE 5/16 C/20 PZA', 0, 0.00, 78, 0, 1, 'imagenes_inv/GRAPAREDONDAPARACABLE516A.jpg'),
(23, 'CONECTOR PREPULIDO PARA FIBRA SC/APC', 0, 0.00, 2020, 0, 1, 'imagenes_inv/CONECTORPREPULIDOPARAFIBRASCAPCA.jpg'),
(24, 'ALCOHOL ISOPROPILICO', 0, 0.00, 2, 0, 1, 'imagenes_inv/ALCOHOLISOPROPILICOA.jpg'),
(25, 'CINCHOS DE PLASTICO NEGRO', 0, 0.00, 9718, 0, 1, 'imagenes_inv/CINCHOSDEPLASTICONEGROA.jpg'),
(26, 'ROSETA PARA FIBRA OPTICA', 0, 0.00, 595, 0, 1, 'imagenes_inv/ROSETAPARAFIBRAOPTICAA.jpg'),
(27, 'ALAMBRE GALVANIZADO SUAVE', 0, 0.00, 2, 0, 1, 'imagenes_inv/ALAMBREGALVANIZADOSUAVEA.jpg'),
(28, 'TOALLITAS PARA FIBRA', 0, 0.00, 11, 0, 1, 'imagenes_inv/TOALLITASPARAFIBRAA.jpg'),
(29, 'HEBILLA PARA FLEJE 5/8\"', 0, 0.00, 802, 0, 1, 'imagenes_inv/HEBILLAPARAFLEJE58A.jpg'),
(30, 'REJILLA PARA AIRGRID', 0, 0.00, 50, 0, 1, 'imagenes_inv/REJILLAPARAAIRGRIDA.jpg'),
(31, 'REJILLA PARA LITEBEAM', 0, 0.00, 73, 0, 1, 'imagenes_inv/REJILLAPARALITEBEAMA.jpg'),
(32, 'CINTA AISLANTE', 0, 0.00, 433, 0, 1, 'imagenes_inv/CINTAAISLANTEA.jpg'),
(33, 'TENSOR DE FIBRA OPTICA', 0, 0.00, 5959, 0, 1, 'imagenes_inv/TENSORDEFIBRAOPTICAA.jpg'),
(34, 'ESCALERA DE FIBRA DE VIDRIO VERDE', 0, 0.00, 0, 0, 1, 'imagenes_inv/ESCALERADEFIBRADEVIDRIOVERDEA.jpg'),
(35, 'ESCALERA DE FIBRA DE VIDRIO NARANJA', 0, 0.00, 1, 0, 1, 'imagenes_inv/ESCALERADEFIBRADEVIDRIONARANJAA.jpg'),
(36, 'ESCALERA DE ALUMINIO', 0, 0.00, 4, 0, 1, 'imagenes_inv/ESCALERADEALUMINIOA.jpg'),
(37, 'BOBINA DE CABLE UTP', 0, 0.00, 146, 0, 1, 'imagenes_inv/BOBINADECABLEUTPA.jpg'),
(38, 'UNIFIBRA', 0, 0.00, 65, 0, 1, 'imagenes_inv/UNIFIBRAA.jpg'),
(39, 'BIFIBRA', 0, 0.00, 68, 0, 1, 'imagenes_inv/BIFIBRAA.jpg'),
(40, 'Ups', 0, 0.00, 2, 0, 3, 'imagenes_inv/UpsA.jpg'),
(41, 'caja para bifibra', 0, 0.00, 50, 1, 3, 'imagenes_inv/cajaparabifibraA.jpg'),
(42, 'Grapa para cable redonda 1/4', 0, 0.00, 217, 1, 3, 'imagenes_inv/Grapaparacableredonda14A.jpg'),
(43, 'Etiquetas para fibra óptica', 0, 0.00, 889, 1, 3, 'imagenes_inv/EtiquetasparafibrapticaA.jpg'),
(44, 'Brazo para mastil', 0, 0.00, 230, 1, 3, 'imagenes_inv/BrazoparamastilA.jpg'),
(45, 'splinter 1er nivel 1*4', 0, 0.00, 10, 1, 3, 'imagenes_inv/splinter1ernivel14.jpg'),
(46, 'Cuchillo para fibra óptica', 0, 0.00, 2, 1, 3, 'imagenes_inv/CuchilloparafibrapticaA.jpg'),
(47, 'Guantes (tallas chica, mediana, grande)', 0, 0.00, 2, 1, 3, 'imagenes_inv/GuantestallaschicamedianagrandeA.jpg'),
(48, 'Broca 3/8 x 12', 0, 0.00, 3, 1, 3, 'imagenes_inv/Broca38x12A.jpg'),
(49, 'Broca 3/8 x 6', 0, 0.00, 3, 1, 3, 'imagenes_inv/Broca38x6A.jpg');

-- --------------------------------------------------------

--
-- Estructura de tabla para la tabla `proveedor`
--

CREATE TABLE `proveedor` (
  `codproveedor` int(11) NOT NULL,
  `proveedor` varchar(100) COLLATE utf8_spanish_ci NOT NULL,
  `contacto` varchar(100) COLLATE utf8_spanish_ci NOT NULL,
  `telefono` int(11) NOT NULL,
  `direccion` varchar(100) COLLATE utf8_spanish_ci NOT NULL,
  `usuario_id` int(11) NOT NULL
) ENGINE=InnoDB DEFAULT CHARSET=utf8 COLLATE=utf8_spanish_ci;

--
-- Volcado de datos para la tabla `proveedor`
--

INSERT INTO `proveedor` (`codproveedor`, `proveedor`, `contacto`, `telefono`, `direccion`, `usuario_id`) VALUES
(1, 'Open Services', '965432143', 9645132, 'Lima', 2),
(3, 'Lineo', '25804', 9865412, 'Lima', 2);

-- --------------------------------------------------------

--
-- Estructura de tabla para la tabla `rol`
--

CREATE TABLE `rol` (
  `idrol` int(11) NOT NULL,
  `rol` varchar(50) COLLATE utf8_spanish_ci NOT NULL
) ENGINE=InnoDB DEFAULT CHARSET=utf8 COLLATE=utf8_spanish_ci;

--
-- Volcado de datos para la tabla `rol`
--

INSERT INTO `rol` (`idrol`, `rol`) VALUES
(1, 'Administrador'),
(2, 'Almacenista');

-- --------------------------------------------------------

--
-- Estructura de tabla para la tabla `usuario`
--

CREATE TABLE `usuario` (
  `idusuario` int(11) NOT NULL,
  `nombre` varchar(100) COLLATE utf8_spanish_ci NOT NULL,
  `correo` varchar(100) COLLATE utf8_spanish_ci NOT NULL,
  `usuario` varchar(20) COLLATE utf8_spanish_ci NOT NULL,
  `clave` varchar(50) COLLATE utf8_spanish_ci NOT NULL,
  `rol` int(11) NOT NULL
) ENGINE=InnoDB DEFAULT CHARSET=utf8 COLLATE=utf8_spanish_ci;

--
-- Volcado de datos para la tabla `usuario`
--

INSERT INTO `usuario` (`idusuario`, `nombre`, `correo`, `usuario`, `clave`, `rol`) VALUES
(3, 'Carlos', '', 'admin', 'admin', 1),
(4, 'almacen', '', 'almacen', 'almacen12345', 2);

--
-- Índices para tablas volcadas
--

--
-- Indices de la tabla `cliente`
--
ALTER TABLE `cliente`
  ADD PRIMARY KEY (`idcliente`);

--
-- Indices de la tabla `configuracion`
--
ALTER TABLE `configuracion`
  ADD PRIMARY KEY (`id`);

--
-- Indices de la tabla `detallefactura`
--
ALTER TABLE `detallefactura`
  ADD PRIMARY KEY (`correlativo`);

--
-- Indices de la tabla `detalle_temp`
--
ALTER TABLE `detalle_temp`
  ADD PRIMARY KEY (`correlativo`);

--
-- Indices de la tabla `entradas`
--
ALTER TABLE `entradas`
  ADD PRIMARY KEY (`correlativo`);

--
-- Indices de la tabla `factura`
--
ALTER TABLE `factura`
  ADD PRIMARY KEY (`nofactura`);

--
-- Indices de la tabla `historico`
--
ALTER TABLE `historico`
  ADD PRIMARY KEY (`id_historico`);

--
-- Indices de la tabla `mexicanada`
--
ALTER TABLE `mexicanada`
  ADD PRIMARY KEY (`id_gen`);

--
-- Indices de la tabla `peticion`
--
ALTER TABLE `peticion`
  ADD PRIMARY KEY (`id_p`);

--
-- Indices de la tabla `producto`
--
ALTER TABLE `producto`
  ADD PRIMARY KEY (`codproducto`);

--
-- Indices de la tabla `proveedor`
--
ALTER TABLE `proveedor`
  ADD PRIMARY KEY (`codproveedor`);

--
-- Indices de la tabla `rol`
--
ALTER TABLE `rol`
  ADD PRIMARY KEY (`idrol`);

--
-- Indices de la tabla `usuario`
--
ALTER TABLE `usuario`
  ADD PRIMARY KEY (`idusuario`);

--
-- AUTO_INCREMENT de las tablas volcadas
--

--
-- AUTO_INCREMENT de la tabla `cliente`
--
ALTER TABLE `cliente`
  MODIFY `idcliente` int(11) NOT NULL AUTO_INCREMENT, AUTO_INCREMENT=186;

--
-- AUTO_INCREMENT de la tabla `configuracion`
--
ALTER TABLE `configuracion`
  MODIFY `id` int(11) NOT NULL AUTO_INCREMENT, AUTO_INCREMENT=2;

--
-- AUTO_INCREMENT de la tabla `detallefactura`
--
ALTER TABLE `detallefactura`
  MODIFY `correlativo` bigint(20) NOT NULL AUTO_INCREMENT, AUTO_INCREMENT=409;

--
-- AUTO_INCREMENT de la tabla `detalle_temp`
--
ALTER TABLE `detalle_temp`
  MODIFY `correlativo` int(11) NOT NULL AUTO_INCREMENT;

--
-- AUTO_INCREMENT de la tabla `historico`
--
ALTER TABLE `historico`
  MODIFY `id_historico` int(22) NOT NULL AUTO_INCREMENT, AUTO_INCREMENT=404;

--
-- AUTO_INCREMENT de la tabla `mexicanada`
--
ALTER TABLE `mexicanada`
  MODIFY `id_gen` int(11) NOT NULL AUTO_INCREMENT, AUTO_INCREMENT=158;

--
-- AUTO_INCREMENT de la tabla `peticion`
--
ALTER TABLE `peticion`
  MODIFY `id_p` int(11) NOT NULL AUTO_INCREMENT, AUTO_INCREMENT=598;

--
-- AUTO_INCREMENT de la tabla `producto`
--
ALTER TABLE `producto`
  MODIFY `codproducto` int(11) NOT NULL AUTO_INCREMENT, AUTO_INCREMENT=50;

--
-- AUTO_INCREMENT de la tabla `usuario`
--
ALTER TABLE `usuario`
  MODIFY `idusuario` int(11) NOT NULL AUTO_INCREMENT, AUTO_INCREMENT=5;
COMMIT;

/*!40101 SET CHARACTER_SET_CLIENT=@OLD_CHARACTER_SET_CLIENT */;
/*!40101 SET CHARACTER_SET_RESULTS=@OLD_CHARACTER_SET_RESULTS */;
/*!40101 SET COLLATION_CONNECTION=@OLD_COLLATION_CONNECTION */;
